{"mood": [[0.23604889781294314, 1.0367159482059682], [0.16944979943644345, 1.0467013415837623], [0.7464937070005675, 0.59058102182861238], [0.76748867578986313, 0.60434324252974558], [0.74900050174834754, 0.59681502084513138], [0.77184843774935108, 0.60727200568712725], [0.65735727324609461, 0.5815464055915105], [0.76139244955202368, 0.60603785264126797], [0.66156739121485497, 0.58013873337127131], [0.56426079589979783, 0.57082286515708924], [0.38010543352231463, 0.53390788913973863], [0.2147243800090114, 0.96311004989225624]], "filtered_bounds": [0.0, 0.0, 0.18575963718820862, 9.7523809523809533, 31.764897959183674, 36.362448979591839, 57.260408163265303, 72.771337868480728, 95.294693877551026, 110.34122448979592, 120.37224489795918, 134.72217687074829, 141.08444444444444], "labels": ["silence", "verse", "chorus", "verse", "chorus", "verse", "chorus", "verse", "bridge", "verse", "verse", "verse", "bridge", "verse"], "bounds": [0.0, 0.18575963718820862, 9.752380952380953, 31.764897959183674, 36.36244897959184, 57.2604081632653, 72.77133786848073, 95.29469387755103, 110.34122448979592, 120.37224489795918, 125.06267573696145, 129.70666666666668, 134.72217687074829, 138.9946485260771, 141.08444444444444], "beats": [0.18575963718820862, 0.603718820861678, 1.0216780045351475, 1.4396371882086167, 1.8575963718820863, 2.2755555555555556, 2.693514739229025, 3.111473922902494, 3.5294331065759637, 3.947392290249433, 4.365351473922902, 4.783310657596372, 5.154829931972789, 5.572789115646258, 5.990748299319728, 6.408707482993197, 6.826666666666667, 7.244625850340136, 7.662585034013605, 8.080544217687075, 8.498503401360544, 8.916462585034013, 9.334421768707482, 9.752380952380953, 10.170340136054422, 10.588299319727891, 11.00625850340136, 11.42421768707483, 11.842176870748299, 12.26013605442177, 12.678095238095239, 13.096054421768708, 13.514013605442177, 13.931972789115646, 14.303492063492063, 14.675011337868481, 15.09297052154195, 15.51092970521542, 15.928888888888888, 16.34684807256236, 16.764807256235827, 17.182766439909297, 17.600725623582765, 18.018684807256236, 18.436643990929706, 18.854603174603174, 19.272562358276645, 19.690521541950112, 20.108480725623583, 20.526439909297054, 20.94439909297052, 21.36235827664399, 21.78031746031746, 22.19827664399093, 22.6162358276644, 23.034195011337868, 23.45215419501134, 23.870113378684806, 24.288072562358277, 24.706031746031748, 25.123990929705215, 25.541950113378686, 25.959909297052153, 26.377868480725624, 26.79582766439909, 27.213786848072562, 27.631746031746033, 28.0497052154195, 28.46766439909297, 28.83918367346939, 29.257142857142856, 29.675102040816327, 30.093061224489794, 30.511020408163265, 30.928979591836736, 31.346938775510203, 31.764897959183674, 32.182857142857145, 32.60081632653061, 33.01877551020408, 33.436734693877554, 33.85469387755102, 34.27265306122449, 34.690612244897956, 35.10857142857143, 35.5265306122449, 35.944489795918365, 36.36244897959184, 36.78040816326531, 37.198367346938774, 37.61632653061225, 38.034285714285716, 38.45224489795918, 38.87020408163265, 39.288163265306125, 39.70612244897959, 40.12408163265306, 40.542040816326534, 40.96, 41.37795918367347, 41.795918367346935, 42.21387755102041, 42.63183673469388, 43.049795918367344, 43.46775510204082, 43.885714285714286, 44.30367346938775, 44.72163265306123, 45.139591836734695, 45.55755102040816, 45.97551020408163, 46.393469387755104, 46.81142857142857, 47.22938775510204, 47.64734693877551, 48.06530612244898, 48.48326530612245, 48.901224489795915, 49.31918367346939, 49.73714285714286, 50.155102040816324, 50.5730612244898, 50.991020408163266, 51.40897959183673, 51.82693877551021, 52.244897959183675, 52.66285714285714, 53.08081632653061, 53.498775510204084, 53.91673469387755, 54.33469387755102, 54.75265306122449, 55.17061224489796, 55.58857142857143, 56.006530612244894, 56.42448979591837, 56.842448979591836, 57.2604081632653, 57.67836734693878, 58.096326530612245, 58.51428571428571, 58.93224489795919, 59.396643990929704, 59.81460317460318, 60.232562358276645, 60.65052154195011, 61.06848072562358, 61.486439909297054, 61.90439909297052, 62.32235827664399, 62.74031746031746, 63.15827664399093, 63.5762358276644, 63.994195011337865, 64.41215419501134, 64.83011337868481, 65.24807256235827, 65.66603174603175, 66.08399092970521, 66.50195011337868, 66.91990929705216, 67.33786848072562, 67.75582766439909, 68.17378684807257, 68.59174603174603, 69.0097052154195, 69.42766439909298, 69.84562358276644, 70.26358276643991, 70.68154195011338, 71.09950113378684, 71.51746031746032, 71.9354195011338, 72.35337868480725, 72.77133786848073, 73.18929705215419, 73.60725623582766, 74.02521541950114, 74.4431746031746, 74.86113378684807, 75.27909297052155, 75.697052154195, 76.11501133786848, 76.53297052154196, 76.95092970521542, 77.36888888888889, 77.78684807256236, 78.20480725623582, 78.6227664399093, 79.04072562358277, 79.45868480725623, 79.83020408163266, 80.24816326530612, 80.66612244897959, 81.08408163265307, 81.50204081632653, 81.92, 82.33795918367348, 82.75591836734694, 83.17387755102041, 83.59183673469387, 84.00979591836735, 84.42775510204082, 84.84571428571428, 85.26367346938775, 85.68163265306123, 86.09959183673469, 86.51755102040816, 86.93551020408164, 87.3534693877551, 87.77142857142857, 88.18938775510205, 88.6073469387755, 89.02530612244898, 89.44326530612246, 89.86122448979592, 90.27918367346939, 90.69714285714285, 91.11510204081632, 91.5330612244898, 91.95102040816326, 92.36897959183673, 92.78693877551021, 93.20489795918367, 93.62285714285714, 94.04081632653062, 94.45877551020408, 94.87673469387755, 95.29469387755103, 95.71265306122449, 96.13061224489796, 96.54857142857144, 96.9665306122449, 97.38448979591837, 97.80244897959183, 98.2204081632653, 98.63836734693878, 99.05632653061224, 99.47428571428571, 99.89224489795919, 100.31020408163265, 100.72816326530612, 101.1461224489796, 101.56408163265306, 101.98204081632653, 102.4, 102.81795918367347, 103.23591836734694, 103.65387755102041, 104.07183673469387, 104.48979591836735, 104.90775510204081, 105.32571428571428, 105.74367346938776, 106.16163265306122, 106.57959183673469, 106.99755102040817, 107.41551020408163, 107.8334693877551, 108.25142857142858, 108.66938775510204, 109.08734693877551, 109.50530612244899, 109.92326530612245, 110.34122448979592, 110.7591836734694, 111.17714285714285, 111.59510204081633, 112.01306122448979, 112.43102040816326, 112.84897959183674, 113.2669387755102, 113.68489795918367, 114.10285714285715, 114.5208163265306, 114.93877551020408, 115.35673469387756, 115.77469387755102, 116.19265306122449, 116.61061224489796, 117.02857142857142, 117.4465306122449, 117.86448979591837, 118.28244897959183, 118.70040816326531, 119.11836734693877, 119.53632653061224, 119.95428571428572, 120.37224489795918, 120.79020408163265, 121.20816326530613, 121.62612244897959, 122.04408163265306, 122.50848072562358, 122.97287981859411, 123.39083900226757, 123.80879818594104, 124.22675736961452, 124.64471655328798, 125.06267573696145, 125.52707482993198, 125.94503401360544, 126.36299319727891, 126.78095238095239, 127.19891156462585, 127.61687074829932, 128.03482993197278, 128.45278911564625, 128.87074829931973, 129.2887074829932, 129.70666666666668, 130.12462585034012, 130.5425850340136, 130.96054421768707, 131.37850340136055, 131.79646258503402, 132.2144217687075, 132.63238095238094, 133.05034013605442, 133.4682993197279, 133.88625850340136, 134.30421768707484, 134.72217687074829, 135.14013605442176, 135.55809523809523, 136.02249433106576, 136.48689342403628, 136.90485260770976, 137.32281179138323, 137.74077097505668, 138.15873015873015, 138.57668934240363, 138.9946485260771, 139.41260770975057, 139.83056689342405, 140.2485260770975, 140.66648526077097, 141.08444444444444, 141.50240362811792],