{"mood": [[0.23882329532642577, 0.64193865406768236], [0.17139690125485341, 1.0399235447316146], [0.31409346220697532, 0.867944567184048], [0.56137467403929864, 0.55129888899324375], [0.33743609097911786, 0.83092333194456203], [0.31042448163312164, 0.99189900234945938]], "filtered_bounds": [0.0, 0.0, 1.1145578231292517, 175.63573696145124, 181.67292517006803, 201.68852607709749, 280.0], "labels": ["silence", "verse", "chorus", "verse", "outro", "silence"], "bounds": [0.0, 1.1145578231292517, 175.63573696145124, 181.67292517006803, 201.6885260770975, 256.8591383219955, 280.0], "beats": [1.1145578231292517, 1.7182766439909296, 2.3219954648526078, 2.9257142857142857, 3.5294331065759637, 4.133151927437642, 4.73687074829932, 5.340589569160998, 5.944308390022676, 6.548027210884354, 7.151746031746032, 7.75546485260771, 8.359183673469389, 8.962902494331066, 9.566621315192744, 10.170340136054422, 10.7740589569161, 11.377777777777778, 11.981496598639456, 12.585215419501134, 13.235374149659863, 13.839092970521541, 14.44281179138322, 15.046530612244897, 15.650249433106575, 16.253968253968253, 16.857687074829933, 17.46140589569161, 18.06512471655329, 18.668843537414965, 19.272562358276645, 19.87628117913832, 20.48, 21.083718820861677, 21.687437641723356, 22.291156462585032, 22.894875283446712, 23.49859410430839, 24.102312925170068, 24.752471655328797, 25.356190476190477, 25.959909297052153, 26.563628117913833, 27.16734693877551, 27.77106575963719, 28.374784580498865, 28.978503401360545, 29.58222222222222, 30.1859410430839, 30.789659863945577, 31.393378684807256, 31.997097505668933, 32.60081632653061, 33.20453514739229, 33.80825396825397, 34.411972789115644, 35.015691609977324, 35.619410430839004, 36.22312925170068, 36.826848072562356, 37.477006802721085, 38.080725623582765, 38.684444444444445, 39.288163265306125, 39.8918820861678, 40.49560090702948, 41.09931972789116, 41.703038548752836, 42.30675736961451, 42.91047619047619, 43.51419501133787, 44.11791383219955, 44.72163265306123, 45.3253514739229, 45.92907029478458, 46.53278911564626, 47.13650793650794, 47.74022675736961, 48.34394557823129, 48.94766439909297, 49.55138321995465, 50.155102040816324, 50.758820861678004, 51.40897959183673, 52.01269841269841, 52.61641723356009, 53.22013605442177, 53.823854875283445, 54.427573696145124, 55.031292517006804, 55.635011337868484, 56.23873015873016, 56.842448979591836, 57.446167800453516, 58.049886621315196, 58.65360544217687, 59.25732426303855, 59.86104308390023, 60.46476190476191, 61.06848072562358, 61.718639455782316, 62.32235827664399, 62.92607709750567, 63.52979591836735, 64.13351473922903, 64.7372335600907, 65.34095238095239, 65.94467120181406, 66.54839002267573, 67.15210884353742, 67.75582766439909, 68.35954648526076, 68.96326530612245, 69.56698412698412, 70.17070294784581, 70.77442176870748, 71.37814058956916, 71.98185941043084, 72.58557823129252, 73.23573696145125, 73.83945578231292, 74.4431746031746, 75.04689342403628, 75.65061224489796, 76.25433106575964, 76.85804988662132, 77.46176870748299, 78.06548752834468, 78.66920634920635, 79.27292517006802, 79.87664399092971, 80.48036281179138, 81.08408163265307, 81.68780045351474, 82.29151927437641, 82.8952380952381, 83.49895691609977, 84.10267573696144, 84.70639455782313, 85.3101133786848, 85.91383219954649, 86.56399092970521, 87.1677097505669, 87.77142857142857, 88.37514739229024, 88.97886621315193, 89.5825850340136, 90.18630385487528, 90.79002267573696, 91.39374149659864, 91.99746031746032, 92.601179138322, 93.20489795918367, 93.80861678004536, 94.41233560090703, 95.0160544217687, 95.66621315192744, 96.26993197278911, 96.8736507936508, 97.47736961451247, 98.08108843537416, 98.68480725623583, 99.2885260770975, 99.89224489795919, 100.49596371882086, 101.09968253968253, 101.70340136054422, 102.30712018140589, 102.91083900226758, 103.51455782312925, 104.11827664399092, 104.72199546485261, 105.32571428571428, 105.92943310657597, 106.53315192743764, 107.13687074829932, 107.740589569161, 108.34430839002268, 108.94802721088435, 109.55174603174603, 110.15546485260771, 110.7591836734694, 111.36290249433107, 112.01306122448979, 112.61678004535148, 113.22049886621315, 113.82421768707484, 114.42793650793651, 115.03165532879818, 115.63537414965987, 116.23909297052154, 116.84281179138323, 117.4465306122449, 118.05024943310657, 118.65396825396826, 119.25768707482993, 119.8614058956916, 120.46512471655329, 121.06884353741496, 121.67256235827665, 122.27628117913832, 122.88, 123.48371882086168, 124.1338775510204, 124.73759637188209, 125.34131519274376, 125.94503401360544, 126.54875283446712, 127.1524716553288, 127.75619047619048, 128.35990929705216, 128.96362811791383, 129.5673469387755, 130.1710657596372, 130.77478458049887, 131.37850340136055, 131.98222222222222, 132.5859410430839, 133.18965986394556, 133.83981859410432, 134.443537414966, 135.04725623582766, 135.65097505668933, 136.25469387755103, 136.8584126984127, 137.46213151927438, 138.06585034013605, 138.66956916099772, 139.2732879818594, 139.8770068027211, 140.48072562358277, 141.08444444444444, 141.68816326530612, 142.2918820861678, 142.8956009070295, 143.49931972789116, 144.10303854875283, 144.7067573696145, 145.31047619047618, 145.91419501133788, 146.5643537414966, 147.16807256235828, 147.77179138321995, 148.37551020408162, 148.97922902494332, 149.582947845805, 150.18666666666667, 150.79038548752834, 151.39410430839, 151.9978231292517, 152.6015419501134, 153.20526077097506, 153.80897959183673, 154.4126984126984, 155.01641723356008, 155.62013605442178, 156.22385487528345, 156.82757369614512, 157.4312925170068, 158.03501133786847, 158.63873015873017, 159.24244897959184, 159.84616780045351, 160.49632653061224, 161.1000453514739, 161.7037641723356, 162.30748299319728, 162.91120181405896, 163.51492063492063, 164.1186394557823, 164.722358276644, 165.32607709750567, 165.92979591836735, 166.53351473922902, 167.1372335600907, 167.7409523809524, 168.34467120181407, 168.94839002267574, 169.5521088435374, 170.15582766439908, 170.75954648526078, 171.4097052154195, 172.01342403628118, 172.61714285714285, 173.22086167800452, 173.82458049886623, 174.4282993197279, 175.03201814058957, 175.63573696145124, 176.23945578231292, 176.84317460317462, 177.4468934240363, 178.05061224489796, 178.65433106575964, 179.2580498866213, 179.86176870748298, 180.46548752834468, 181.06920634920635, 181.67292517006803, 182.2766439909297, 182.88036281179137, 183.48408163265307, 184.08780045351475, 184.69151927437642, 185.2952380952381, 185.9453968253968, 186.5491156462585, 187.1528344671202, 187.75655328798186, 188.36027210884353, 188.9639909297052, 189.5677097505669, 190.17142857142858, 190.77514739229025, 191.37886621315192, 191.9825850340136, 192.5863038548753, 193.23646258503402, 193.8401814058957, 194.44390022675736, 195.04761904761904, 195.65133786848074, 196.2550566893424, 196.85877551020408, 197.46249433106576, 198.06621315192743, 198.66993197278913, 199.2736507936508, 199.87736961451247, 200.48108843537415, 201.08480725623582, 201.6885260770975, 202.2922448979592, 202.89596371882087, 203.49968253968254, 204.1034013605442, 204.70712018140588, 205.31083900226758, 205.91455782312926, 206.51827664399093, 207.1219954648526, 207.72571428571428, 208.32943310657598, 208.93315192743765, 209.53687074829932, 210.18702947845804, 210.79074829931972, 211.39446712018142, 211.9981859410431, 212.60190476190476, 213.20562358276644, 213.8093424036281, 214.4130612244898, 215.01678004535148, 215.62049886621315, 216.27065759637188, 216.87437641723355, 217.47809523809525, 218.08181405895692, 218.6855328798186, 219.28925170068027, 219.89297052154194, 220.49668934240364, 221.1004081632653, 221.704126984127, 222.30784580498866, 222.91156462585033, 223.515283446712, 224.1190022675737, 224.72272108843538, 225.32643990929705, 225.93015873015872, 226.5338775510204, 227.1375963718821, 227.74131519274377, 228.34503401360544, 228.94875283446711, 229.5524716553288, 230.20263038548754, 230.8063492063492, 231.41006802721088, 