{"mood": [[0.13190797494619932, 0.83157466283814796], [0.13190797494619932, 0.83157466283814796], [0.5545062574163484, 0.56040389302413907], [0.72108793236530122, 0.5766372302884748], [0.75554428536181639, 0.59379462529550964], [0.72939232601795256, 0.58363722373942539], [0.74216619321703248, 0.59191577318976241], [0.6956596898439158, 0.59421288079467571], [0.092474587106616157, 0.59147276958827588]], "filtered_bounds": [0.0, 0.0, 0.83591836734693881, 10.634739229024943, 30.83609977324263, 41.61015873015873, 72.074739229024942, 82.802358276643986, 111.78086167800454, 141.0], "labels": ["silence", "bridge", "bridge", "verse", "chorus", "verse", "chorus", "verse", "bridge", "bridge", "silence"], "bounds": [0.0, 0.8359183673469388, 6.733786848072563, 10.634739229024943, 30.83609977324263, 41.61015873015873, 72.07473922902494, 82.80235827664399, 111.78086167800454, 122.50848072562358, 131.93578231292517, 141.0], "pitch": [0.0, 835.0201416015625, 317.76947021484375, 0.0, 93.65191650390625, 197.86337280273438, 0.0, 83.9053955078125, 574.1257934570312, 708.05419921875, 161.18508911132812, 313.9925842285156, 315.7968444824219, 194.52188110351562, 317.2778015136719, 238.055419921875, 325.4895324707031, 478.7635192871094, 186.74339294433594, 541.86376953125, 0.0, 266.9662170410156, 326.2966613769531, 135.7635498046875, 426.25189208984375, 522.6642456054688, 438.37066650390625, 0.0, 0.0, 0.0, 0.0, 235.7942657470703, 219.8408660888672, 272.453125, 275.4372863769531, 248.91343688964844, 234.41015625, 197.0890350341797, 154.85107421875, 155.90505981445312, 153.08580017089844, 274.00933837890625, 268.1758117675781, 187.59266662597656, 156.57492065429688, 236.1236572265625, 231.10543823242188, 158.08705139160156, 263.0386047363281, 271.1360168457031, 113.44548797607422, 263.28936767578125, 220.1306915283203, 279.585693359375, 165.9029541015625, 156.66195678710938, 292.23333740234375, 296.11761474609375, 255.18417358398438, 39.82728958129883, 0.0, 0.0, 61.77804946899414, 278.59918212890625, 226.92727661132812, 256.6357421875, 242.55563354492188, 266.7039489746094, 265.495849609375, 271.99188232421875, 192.8272705078125, 136.42611694335938, 212.0946502685547, 131.44912719726562, 150.009765625, 274.2687683105469, 254.2707977294922, 197.12168884277344, 155.88430786132812, 258.3703308105469, 283.0466613769531, 226.1478729248047, 189.35708618164062, 272.6375427246094, 238.9634246826172, 183.80636596679688, 123.69678497314453, 292.49298095703125, 82.4691162109375, 198.75149536132812, 116.11549377441406, 104.9261474609375, 120.91950225830078, 134.93115234375, 231.1744842529297, 137.63491821289062, 142.0951385498047, 307.5995788574219, 244.5467529296875, 120.44102478027344, 209.45797729492188, 265.64453125, 206.65185546875, 264.1189880371094, 238.14244079589844, 26.428361892700195, 0.0, 240.77137756347656, 159.7520751953125, 326.398193359375, 311.4625549316406, 483.3445129394531, 682.6634521484375, 252.45407104492188, 163.98890686035156, 543.5313110351562, 698.5454711914062, 867.0848388671875, 538.1159057617188, 438.89703369140625, 336.1216735839844, 591.0248413085938, 77.8355712890625, 449.4576721191406, 480.6137390136719, 591.9795532226562, 325.6946105957031, 475.4090270996094, 410.4905090332031, 530.6679077148438, 289.3731689453125, 532.6629028320312, 840.7400512695312, 849.544921875, 783.6885986328125, 101.525146484375, 0.0, 0.0, 350.05865478515625, 339.86163330078125, 506.95928955078125, 544.4215087890625, 548.9802856445312, 295.232177734375, 453.82952880859375, 423.91015625, 318.090087890625, 282.33697509765625, 238.25868225097656, 69.82672882080078, 163.3278350830078, 23.140487670898438, 0.0, 0.0, 89.39752197265625, 155.79580688476562, 232.7278594970703, 273.3407897949219, 257.04876708984375, 232.61558532714844, 131.05162048339844, 266.2328186035156, 194.64755249023438, 196.17672729492188, 193.37759399414062, 285.9643249511719, 288.71148681640625, 227.28834533691406, 0.0, 149.8993377685547, 0.0, 182.72816467285156, 255.88352966308594, 230.8492431640625, 199.2948760986328, 268.0747375488281, 188.61767578125, 236.2225799560547, 177.2501220703125, 152.0595245361328, 267.6809997558594, 166.36376953125, 224.27088928222656, 393.752685546875, 0.0, 0.0, 0.0, 380.1643371582031, 527.8347778320312, 185.3473663330078, 268.4590759277344, 274.4694519042969, 193.26779174804688, 257.85699462890625, 116.32395935058594, 40.75821304321289, 272.8951110839844, 247.055908203125, 146.75245666503906, 273.1244201660156, 263.463623046875, 229.16883850097656, 224.6962890625, 247.53123474121094, 185.0304718017578, 317.0376281738281, 260.8659362792969, 159.32638549804688, 38.917625427246094, 94.17259216308594, 199.0673370361328, 315.55572509765625, 278.6910095214844, 265.5478515625, 121.53289031982422, 154.77333068847656, 221.72445678710938, 137.17208862304688, 185.39585876464844, 234.90830993652344, 185.18142700195312, 271.2368469238281, 292.4734802246094, 320.6394958496094, 293.6072692871094, 576.4266967773438, 698.3777465820312, 280.04364013671875, 243.74757385253906, 159.76025390625, 231.552978515625, 566.181396484375, 811.8796997070312, 239.84730529785156, 277.6881408691406, 431.2277526855469, 530.8604736328125, 360.415283203125, 329.0516052246094, 468.9212951660156, 597.7767944335938, 848.5405883789062, 859.98046875, 776.5382690429688, 95.82695007324219, 351.108642578125, 0.0, 0.0, 257.8897399902344, 317.26812744140625, 548.7161254882812, 429.2298889160156, 487.83612060546875, 424.240478515625, 341.8836975097656, 325.99822998046875, 332.00115966796875, 541.0465698242188, 587.5621948242188, 309.8608703613281, 0.0, 389.81866455078125, 134.60311889648438, 231.96365356445312, 252.3988037109375, 535.1792602539062, 551.6963500976562, 545.7742309570312, 500.93157958984375, 431.8900146484375, 382.3184509277344, 269.78387451171875, 274.4982604980469, 63.52130126953125, 0.0, 0.0, 0.0, 0.0, 0.0, 0.0, 0.0, 258.002685546875, 273.7773742675781, 274.20318603515625, 273.3329772949219, 155.01101684570312, 233.76736450195312, 154.3461151123047, 269.8917236328125, 203.93206787109375, 141.55738830566406, 261.78070068359375, 274.24658203125, 240.79579162597656, 90.96016693115234, 127.28056335449219, 261.5862121582031, 191.3419647216797, 253.68179321289062, 264.9510192871094, 151.5341796875, 235.5557403564453, 167.1377716064453, 81.76890563964844, 247.63656616210938, 292.2359313964844, 248.76199340820312, 80.12804412841797, 0.0, 0.0, 27.8386173248291, 165.11940002441406, 163.46810913085938, 216.14369201660156, 163.9964141845703, 548.5661010742188, 365.90594482421875, 270.15771484375, 270.7389221191406, 78.9703598022461, 0.0, 316.81341552734375, 146.090087890625, 545.2042846679688, 549.0245971679688, 451.2267150878906, 81.84085083007812, 214.27320861816406, 647.0223999023438, 775.2474365234375, 314.8323059082031, 267.6559143066406, 271.0353698730469, 262.18011474609375, 37.16015625, 334.22491455078125, 290.54730224609375, 76.8671875, 151.8910369873047, 77.8365478515625, 127.78363800048828, 214.85922241210938, 202.1358184814453, 324.6775207519531, 235.996337890625, 323.7394714355469, 318.5724792480469, 291.7624816894531, 327.07720947265625, 224.5029296875, 710.8792114257812, 884.4600219726562, 501.1535949707031, 547.6954345703125, 123.55660247802734, 617.0836791992188, 735.2726440429688, 572.1173706054688, 281.4571533203125, 448.9065246582031, 499.4908752441406, 701.6388549804688, 901.0454711914062, 328.83868408203125, 0.0, 341.8327941894531, 882.2581176757812, 497.8093566894531, 477.6875, 431.2834777832031, 570.3624267578125, 602.80810546875, 591.8952026367188, 588.9661865234375, 631.6497192382812, 649.54638671875, 169.08004760742188, 414.0926208496094, 532.626708984375, 547.2254638671875, 263.96734619140625, 239.1991424560547, 540.3297729492188, 555.9468994140625, 495.0453796386719, 72.62312316894531, 459.2590026855469, 330.4856262207031, 185.7223358154297, 343.4159851074219, 548.5445556640625, 555.3062133789062, 473.427978515625, 342.18975830078125, 438.3281555175781, 161.99012756347656, 0.0, 