{"mood": [[0.51559872246716865, 0.55595252126611627], [0.51559872246716865, 0.55595252126611627], [0.57573473049425017, 0.56205846467436538], [0.71746212798439901, 0.5752662928700838], [0.75639005647686763, 0.59310484727998125], [0.73119331996778125, 0.58321495898807652], [0.73558688267338068, 0.58878209490253997], [0.69477976608048042, 0.59657934698660853], [0.75868104341914089, 0.59682481318742198], [0.13212103177215084, 0.83210567900534416]], "filtered_bounds": [0.0, 0.0, 0.83591836734693881, 10.959818594104309, 30.511020408163265, 41.935238095238098, 71.749659863945581, 83.127437641723361, 111.45578231292517, 122.83356009070295, 141.0], "labels": ["silence", "verse", "verse", "chorus", "bridge", "chorus", "verse", "chorus", "verse", "outro", "silence"], "bounds": [0.0, 0.8359183673469388, 8.359183673469389, 10.95981859410431, 30.511020408163265, 41.9352380952381, 71.74965986394558, 83.12743764172336, 111.45578231292517, 122.83356009070295, 131.93578231292517, 141.0], "beats": [0.8359183673469388, 1.1609977324263039, 1.486077097505669, 1.811156462585034, 2.136235827664399, 2.461315192743764, 2.786394557823129, 3.111473922902494, 3.436553287981859, 3.7616326530612243, 4.08671201814059, 4.4117913832199545, 4.783310657596372, 5.108390022675737, 5.433469387755102, 5.758548752834467, 6.0836281179138325, 6.408707482993197, 6.733786848072563, 7.058866213151927, 7.383945578231293, 7.7090249433106575, 8.034104308390022, 8.359183673469389, 8.684263038548753, 9.009342403628118, 9.334421768707482, 9.659501133786849, 9.984580498866213, 10.309659863945578, 10.634739229024943, 10.95981859410431, 11.284897959183674, 11.609977324263038, 11.935056689342403, 12.26013605442177, 12.585215419501134, 12.910294784580499, 13.235374149659863, 13.56045351473923, 13.885532879818594, 14.210612244897959, 14.535691609977324, 14.86077097505669, 15.185850340136055, 15.51092970521542, 15.836009070294784, 16.16108843537415, 16.486167800453515, 16.81124716553288, 17.136326530612244, 17.46140589569161, 17.786485260770974, 18.11156462585034, 18.436643990929706, 18.76172335600907, 19.086802721088436, 19.4118820861678, 19.736961451247165, 20.06204081632653, 20.387120181405894, 20.712199546485262, 21.037278911564627, 21.36235827664399, 21.687437641723356, 22.01251700680272, 22.337596371882086, 22.66267573696145, 22.987755102040815, 23.312834467120183, 23.637913832199548, 23.962993197278912, 24.33451247165533, 24.659591836734695, 24.98467120181406, 25.309750566893424, 25.63482993197279, 25.959909297052153, 26.284988662131518, 26.610068027210886, 26.93514739229025, 27.260226757369615, 27.58530612244898, 27.910385487528345, 28.23546485260771, 28.560544217687074, 28.88562358276644, 29.210702947845807, 29.53578231292517, 29.860861678004536, 30.1859410430839, 30.511020408163265, 30.83609977324263, 31.161179138321994, 31.48625850340136, 31.811337868480727, 32.13641723356009, 32.46149659863946, 32.78657596371882, 33.111655328798186, 33.436734693877554, 33.761814058956915, 34.08689342403628, 34.411972789115644, 34.73705215419501, 35.062131519274374, 35.38721088435374, 35.71229024943311, 36.03736961451247, 36.36244897959184, 36.6875283446712, 37.01260770975057, 37.33768707482993, 37.6627664399093, 37.98784580498866, 38.31292517006803, 38.638004535147395, 38.963083900226756, 39.288163265306125, 39.65968253968254, 39.9847619047619, 40.30984126984127, 40.63492063492063, 40.96, 41.28507936507936, 41.61015873015873, 41.9352380952381, 42.26031746031746, 42.58539682539683, 42.91047619047619, 43.23555555555556, 43.56063492063492, 43.885714285714286, 44.210793650793654, 44.535873015873015, 44.860952380952384, 45.186031746031745, 45.51111111111111, 45.836190476190474, 46.16126984126984, 46.4863492063492, 46.81142857142857, 47.13650793650794, 47.4615873015873, 47.78666666666667, 48.11174603174603, 48.4368253968254, 48.76190476190476, 49.08698412698413, 49.412063492063496, 49.73714285714286, 50.062222222222225, 50.387301587301586, 50.712380952380954, 51.037460317460315, 51.36253968253968, 51.687619047619044, 52.01269841269841, 52.33777777777778, 52.66285714285714, 52.98793650793651, 53.31301587301587, 53.63809523809524, 53.9631746031746, 54.28825396825397, 54.61333333333334, 54.9384126984127, 55.263492063492066, 55.58857142857143, 55.913650793650795, 56.23873015873016, 56.563809523809525, 56.888888888888886, 57.213968253968254, 57.53904761904762, 57.86412698412698, 58.18920634920635, 58.51428571428571, 58.83936507936508, 59.16444444444444, 59.44308390022676, 59.76816326530612, 60.09324263038549, 60.41832199546485, 60.74340136054422, 61.02204081632653, 61.3471201814059, 61.67219954648526, 61.99727891156463, 62.32235827664399, 62.64743764172336, 62.97251700680272, 63.297596371882086, 63.622675736961455, 63.947755102040816, 64.27283446712018, 64.59791383219955, 64.92299319727891, 65.24807256235827, 65.57315192743764, 65.89823129251701, 66.22331065759637, 66.54839002267573, 66.87346938775511, 67.19854875283447, 67.52362811791383, 67.84870748299319, 68.17378684807257, 68.49886621315193, 68.82394557823129, 69.14902494331066, 69.47410430839003, 69.79918367346939, 70.12426303854875, 70.44934240362812, 70.77442176870748, 71.09950113378684, 71.42458049886622, 71.74965986394558, 72.07473922902494, 72.3998185941043, 72.72489795918368, 73.04997732426304, 73.3750566893424, 73.70013605442176, 74.02521541950114, 74.3502947845805, 74.67537414965986, 75.00045351473923, 75.3255328798186, 75.65061224489796, 75.97569160997732, 76.3007709750567, 76.62585034013605, 76.95092970521542, 77.27600907029479, 77.60108843537415, 77.92616780045351, 78.25124716553287, 78.57632653061225, 78.90140589569161, 79.22648526077097, 79.55156462585035, 79.87664399092971, 80.20172335600907, 80.52680272108843, 80.8518820861678, 81.17696145124717, 81.50204081632653, 81.8271201814059, 82.15219954648526, 82.47727891156462, 82.80235827664399, 83.12743764172336, 83.45251700680272, 83.77759637188208, 84.10267573696144, 84.42775510204082, 84.75283446712018, 85.07791383219954, 85.40299319727892, 85.72807256235828, 86.05315192743764, 86.378231292517, 86.70331065759638, 87.02839002267574, 87.3534693877551, 87.67854875283447, 88.00362811791383, 88.3287074829932, 88.70022675736962, 89.02530612244898, 89.35038548752834, 89.6754648526077, 90.00054421768708, 90.32562358276644, 90.6507029478458, 90.97578231292518, 91.30086167800454, 91.6259410430839, 91.95102040816326, 92.27609977324263, 92.601179138322, 92.92625850340136, 93.25133786848073, 93.5764172335601, 93.90149659863945, 94.22657596371882, 94.55165532879819, 94.9231746031746, 95.29469387755103, 95.61977324263039, 95.94485260770975, 96.26993197278911, 96.59501133786848, 96.92009070294785, 97.2451700680272, 97.57024943310658, 97.89532879818594, 98.2204081632653, 98.54548752834467, 98.87056689342404, 99.1956462585034, 99.52072562358276, 99.84580498866214, 100.1708843537415, 100.49596371882086, 100.82104308390022, 101.1461224489796, 101.47120181405896, 101.79628117913832, 102.1213605442177, 102.44643990929706, 102.77151927437642, 103.09659863945578, 103.42167800453515, 103.74675736961451, 104.07183673469387, 104.35047619047619, 104.67555555555556, 105.00063492063492, 105.32571428571428, 105.65079365079364, 105.97587301587302, 106.30095238095238, 106.62603174603174, 106.95111111111112, 107.22975056689343, 107.55482993197279, 107.87990929705215, 108.20498866213151, 108.53006802721089, 108.85514739229025, 109.18022675736961, 109.50530612244899, 109.83038548752835, 110.15546485260771, 110.48054421768707, 110.80562358276644, 111.1307029478458, 111.45578231292517, 111.78086167800454, 112.1059410430839, 112.43102040816326, 112.75609977324262, 113.081179138322, 113.40625850340136, 113.73133786848072, 114.0564172335601, 114.38149659863946, 114.70657596371882, 115.03165532879818, 115.35673469387756, 115.68181405895692, 116.00689342403628, 116.33197278911565, 116.65705215419501, 116.98213151927438, 117.30721088435374, 117.63229024943311, 117.95736961451247, 118.28244897959183, 118.6075283446712, 118.93260770975057, 