{"endTime": 141.08444444444444, "startTime": 134.72217687074829}